path,work,season,episode
one-piece/01-east-blue/01-alvida-morgan.mp4,one-piece,01-east-blue,01-alvida-morgan.mp4
one-piece/01-east-blue/02-baggy.mp4,one-piece,01-east-blue,02-baggy.mp4
one-piece/01-east-blue/03-kuro.mp4,one-piece,01-east-blue,03-kuro.mp4
one-piece/01-east-blue/04-baratie-part1.mp4,one-piece,01-east-blue,04-baratie-part1.mp4
one-piece/01-east-blue/04-baratie-part2.mp4,one-piece,01-east-blue,04-baratie-part2.mp4
one-piece/01-east-blue/05-arlong-part1.mp4,one-piece,01-east-blue,05-arlong-part1.mp4
one-piece/01-east-blue/05-arlong-part2.mp4,one-piece,01-east-blue,05-arlong-part2.mp4
one-piece/01-east-blue/06-loguetown.mp4,one-piece,01-east-blue,06-loguetown.mp4
one-piece/02-baroque-works/One Piece Kai 07 - Arc Laboon.mp4,one-piece,02-baroque-works,One Piece Kai 07 - Arc Laboon.mp4
one-piece/02-baroque-works/One Piece Kai 08 - Arc Whiskey Peak.mp4,one-piece,02-baroque-works,One Piece Kai 08 - Arc Whiskey Peak.mp4
one-piece/02-baroque-works/One Piece Kai 09 - Arc Little Garden.mp4,one-piece,02-baroque-works,One Piece Kai 09 - Arc Little Garden.mp4
one-piece/02-baroque-works/One Piece Kai 10 - Arc Royaume de Drum - part 1.mp4,one-piece,02-baroque-works,One Piece Kai 10 - Arc Royaume de Drum - part 1.mp4
one-piece/02-baroque-works/One Piece Kai 10 - Arc Royaume de Drum - part 2.mp4,one-piece,02-baroque-works,One Piece Kai 10 - Arc Royaume de Drum - part 2.mp4
one-piece/02-baroque-works/One Piece Kai 11 - Arc Alabasta - part 1 - Nanohana-Yuba.mp4,one-piece,02-baroque-works,One Piece Kai 11 - Arc Alabasta - part 1 - Nanohana-Yuba.mp4
one-piece/02-baroque-works/One Piece Kai 11 - Arc Alabasta - part 2 - Rainbase.mp4,one-piece,02-baroque-works,One Piece Kai 11 - Arc Alabasta - part 2 - Rainbase.mp4
one-piece/02-baroque-works/One Piece Kai 11 - Arc Alabasta - part 3 - Alubarna.mp4,one-piece,02-baroque-works,One Piece Kai 11 - Arc Alabasta - part 3 - Alubarna.mp4
one-piece/02-baroque-works/One Piece Kai 11 - Arc Alabasta - part 4 - Crocodile.mp4,one-piece,02-baroque-works,One Piece Kai 11 - Arc Alabasta - part 4 - Crocodile.mp4
one-piece/03-skypiea/One Piece Kai 12 - Arc Jaya - part 1.mp4,one-piece,03-skypiea,One Piece Kai 12 - Arc Jaya - part 1.mp4
one-piece/03-skypiea/One Piece Kai 12 - Arc Jaya - part 2.mp4,one-piece,03-skypiea,One Piece Kai 12 - Arc Jaya - part 2.mp4
one-piece/03-skypiea/One Piece Kai 13 - Arc Skypiea - part 1 - Angel Beach.mp4,one-piece,03-skypiea,One Piece Kai 13 - Arc Skypiea - part 1 - Angel Beach.mp4
one-piece/03-skypiea/One Piece Kai 13 - Arc Skypiea - part 2 - Upper Yard.mp4,one-piece,03-skypiea,One Piece Kai 13 - Arc Skypiea - part 2 - Upper Yard.mp4
one-piece/03-skypiea/One Piece Kai 13 - Arc Skypiea - part 3 - Battle Royale.mp4,one-piece,03-skypiea,One Piece Kai 13 - Arc Skypiea - part 3 - Battle Royale.mp4
one-piece/03-skypiea/One Piece Kai 13 - Arc Skypiea - part 4 - Giant Jack.mp4,one-piece,03-skypiea,One Piece Kai 13 - Arc Skypiea - part 4 - Giant Jack.mp4
one-piece/03-skypiea/One Piece Kai 13 - Arc Skypiea - part 5 - Arche Maxim.mp4,one-piece,03-skypiea,One Piece Kai 13 - Arc Skypiea - part 5 - Arche Maxim.mp4
one-piece/03-skypiea/One Piece Kai 13 - Arc Skypiea - part 6 - Raviver la Flamme.mp4,one-piece,03-skypiea,One Piece Kai 13 - Arc Skypiea - part 6 - Raviver la Flamme.mp4
one-piece/04-cp9/One Piece Kai 14 - Arc Davy Back Fight.mp4,one-piece,04-cp9,One Piece Kai 14 - Arc Davy Back Fight.mp4
one-piece/04-cp9/One Piece Kai 15 - Arc Aokiji.mp4,one-piece,04-cp9,One Piece Kai 15 - Arc Aokiji.mp4
one-piece/04-cp9/One Piece Kai 16 - Arc Water Seven - part 1 - L'avenir de Merry.mp4,one-piece,04-cp9,One Piece Kai 16 - Arc Water Seven - part 1 - L'avenir de Merry.mp4
one-piece/04-cp9/One Piece Kai 16 - Arc Water Seven - part 2 - Complot.mp4,one-piece,04-cp9,One Piece Kai 16 - Arc Water Seven - part 2 - Complot.mp4
one-piece/04-cp9/One Piece Kai 16 - Arc Water Seven - part 3 - Tom.mp4,one-piece,04-cp9,One Piece Kai 16 - Arc Water Seven - part 3 - Tom.mp4
one-piece/04-cp9/One Piece Kai 17 - Arc Rocketman.mp4,one-piece,04-cp9,One Piece Kai 17 - Arc Rocketman.mp4
one-piece/04-cp9/One Piece Kai 18 - Arc Enies Lobby - part 1 - Assaut.mp4,one-piece,04-cp9,One Piece Kai 18 - Arc Enies Lobby - part 1 - Assaut.mp4
one-piece/04-cp9/One Piece Kai 18 - Arc Enies Lobby - part 2 - Tribunal.mp4,one-piece,04-cp9,One Piece Kai 18 - Arc Enies Lobby - part 2 - Tribunal.mp4
one-piece/04-cp9/One Piece Kai 18 - Arc Enies Lobby - part 3 - Les Démons d'Ohara.mp4,one-piece,04-cp9,One Piece Kai 18 - Arc Enies Lobby - part 3 - Les Démons d'Ohara.mp4
one-piece/04-cp9/One Piece Kai 18 - Arc Enies Lobby - part 4 - Tour Judiciaire.mp4,one-piece,04-cp9,One Piece Kai 18 - Arc Enies Lobby - part 4 - Tour Judiciaire.mp4
one-piece/04-cp9/One Piece Kai 18 - Arc Enies Lobby - part 5 - Buster Call.mp4,one-piece,04-cp9,One Piece Kai 18 - Arc Enies Lobby - part 5 - Buster Call.mp4
one-piece/04-cp9/One Piece Kai 18 - Arc Enies Lobby - part 6 - Pont de l'Hésitation.mp4,one-piece,04-cp9,One Piece Kai 18 - Arc Enies Lobby - part 6 - Pont de l'Hésitation.mp4
one-piece/04-cp9/One Piece Kai 19 - Arc post Enies Lobby.mp4,one-piece,04-cp9,One Piece Kai 19 - Arc post Enies Lobby.mp4
one-piece/05-nouveau-monde/One Piece Kai 20 - Prémices d'une guerre.mp4,one-piece,05-nouveau-monde,One Piece Kai 20 - Prémices d'une guerre.mp4
one-piece/05-nouveau-monde/One Piece Kai 21 - Arc Thriller Bark - part 1 - Le voleur d'ombres.mp4,one-piece,05-nouveau-monde,One Piece Kai 21 - Arc Thriller Bark - part 1 - Le voleur d'ombres.mp4
one-piece/05-nouveau-monde/One Piece Kai 21 - Arc Thriller Bark - part 2 - Chasse Nocturne.mp4,one-piece,05-nouveau-monde,One Piece Kai 21 - Arc Thriller Bark - part 2 - Chasse Nocturne.mp4
one-piece/05-nouveau-monde/One Piece Kai 21 - Arc Thriller Bark - part 3 - Contre-attaque.mp4,one-piece,05-nouveau-monde,One Piece Kai 21 - Arc Thriller Bark - part 3 - Contre-attaque.mp4
one-piece/05-nouveau-monde/One Piece Kai 21 - Arc Thriller Bark - part 4 - Oz.mp4,one-piece,05-nouveau-monde,One Piece Kai 21 - Arc Thriller Bark - part 4 - Oz.mp4
one-piece/05-nouveau-monde/One Piece Kai 21 - Arc Thriller Bark - part 5 - Moria-Kuma.mp4,one-piece,05-nouveau-monde,One Piece Kai 21 - Arc Thriller Bark - part 5 - Moria-Kuma.mp4
one-piece/05-nouveau-monde/One Piece Kai 22 - Arc Duval.mp4,one-piece,05-nouveau-monde,One Piece Kai 22 - Arc Duval.mp4
one-piece/05-nouveau-monde/One Piece Kai 23 - Arc Sabaody - part 1 - Les 11 Supernovas.mp4,one-piece,05-nouveau-monde,One Piece Kai 23 - Arc Sabaody - part 1 - Les 11 Supernovas.mp4
one-piece/05-nouveau-monde/One Piece Kai 23 - Arc Sabaody - part 2 - Point de non-retour.mp4,one-piece,05-nouveau-monde,One Piece Kai 23 - Arc Sabaody - part 2 - Point de non-retour.mp4
one-piece/05-nouveau-monde/One Piece Kai 24 - Arc Amazon Lily - part 1.mp4,one-piece,05-nouveau-monde,One Piece Kai 24 - Arc Amazon Lily - part 1.mp4
one-piece/05-nouveau-monde/One Piece Kai 24 - Arc Amazon Lily - part 2.mp4,one-piece,05-nouveau-monde,One Piece Kai 24 - Arc Amazon Lily - part 2.mp4
one-piece/05-nouveau-monde/mpv-shot0001.jpg,one-piece,05-nouveau-monde,mpv-shot0001.jpg
one-piece/06-guerre-au-sommet/One Piece Kai 25 - Perdus aux quatre vents.mp4,one-piece,06-guerre-au-sommet,One Piece Kai 25 - Perdus aux quatre vents.mp4
one-piece/06-guerre-au-sommet/One Piece Kai 26 - Arc Impel Down - part 1 - Infiltration.mp4,one-piece,06-guerre-au-sommet,One Piece Kai 26 - Arc Impel Down - part 1 - Infiltration.mp4
one-piece/06-guerre-au-sommet/One Piece Kai 26 - Arc Impel Down - part 2 - Magellan.mp4,one-piece,06-guerre-au-sommet,One Piece Kai 26 - Arc Impel Down - part 2 - Magellan.mp4
one-piece/06-guerre-au-sommet/One Piece Kai 26 - Arc Impel Down - part 3 - 2e chance.mp4,one-piece,06-guerre-au-sommet,One Piece Kai 26 - Arc Impel Down - part 3 - 2e chance.mp4
one-piece/06-guerre-au-sommet/One Piece Kai 26 - Arc Impel Down - part 4 - Evasion sans précédent.mp4,one-piece,06-guerre-au-sommet,One Piece Kai 26 - Arc Impel Down - part 4 - Evasion sans précédent.mp4
one-piece/06-guerre-au-sommet/One Piece Kai 27 - Arc Marineford - part 1 -  Guerre totale.mp4,one-piece,06-guerre-au-sommet,One Piece Kai 27 - Arc Marineford - part 1 -  Guerre totale.mp4
one-piece/06-guerre-au-sommet/One Piece Kai 27 - Arc Marineford - part 2 - Luffy et Barbe Blanche.mp4,one-piece,06-guerre-au-sommet,One Piece Kai 27 - Arc Marineford - part 2 - Luffy et Barbe Blanche.mp4
one-piece/06-guerre-au-sommet/One Piece Kai 27 - Arc Marineford - part 3 - Libération.mp4,one-piece,06-guerre-au-sommet,One Piece Kai 27 - Arc Marineford - part 3 - Libération.mp4
one-piece/06-guerre-au-sommet/One Piece Kai 27 - Arc Marineford - part 4 - Fuir ou mourir.mp4,one-piece,06-guerre-au-sommet,One Piece Kai 27 - Arc Marineford - part 4 - Fuir ou mourir.mp4
one-piece/06-guerre-au-sommet/One Piece Kai 28 - Arc Passé de Luffy - part 1 - Frères.mp4,one-piece,06-guerre-au-sommet,One Piece Kai 28 - Arc Passé de Luffy - part 1 - Frères.mp4
one-piece/06-guerre-au-sommet/One Piece Kai 28 - Arc Passé de Luffy - part 2 - Départs.mp4,one-piece,06-guerre-au-sommet,One Piece Kai 28 - Arc Passé de Luffy - part 2 - Départs.mp4
one-piece/06-guerre-au-sommet/One Piece Kai 29 - Nouvelle ère - part 1 - Message.mp4,one-piece,06-guerre-au-sommet,One Piece Kai 29 - Nouvelle ère - part 1 - Message.mp4
one-piece/06-guerre-au-sommet/One Piece Kai 29 - Nouvelle ère - part 2 - Préparations et Rendez-vous.mp4,one-piece,06-guerre-au-sommet,One Piece Kai 29 - Nouvelle ère - part 2 - Préparations et Rendez-vous.mp4
dororo/Dororo.2019.Integrale.BluRay.VOSTFR.Fansub.1080p.x264.8bits.FLAC-R3D/Dororo.2019.e01.BluRay.VOSTFR.Fansub.1080p.x264.8bits.FLAC-R3D.mkv,dororo,Dororo.2019.Integrale.BluRay.VOSTFR.Fansub.1080p.x264.8bits.FLAC-R3D,Dororo.2019.e01.BluRay.VOSTFR.Fansub.1080p.x264.8bits.FLAC-R3D.mkv
dororo/Dororo.2019.Integrale.BluRay.VOSTFR.Fansub.1080p.x264.8bits.FLAC-R3D/Dororo.2019.e02.BluRay.VOSTFR.Fansub.1080p.x264.8bits.FLAC-R3D.mkv,dororo,Dororo.2019.Integrale.BluRay.VOSTFR.Fansub.1080p.x264.8bits.FLAC-R3D,Dororo.2019.e02.BluRay.VOSTFR.Fansub.1080p.x264.8bits.FLAC-R3D.mkv
dororo/Dororo.2019.Integrale.BluRay.VOSTFR.Fansub.1080p.x264.8bits.FLAC-R3D/Dororo.2019.e03.BluRay.VOSTFR.Fansub.1080p.x264.8bits.FLAC-R3D.mkv,dororo,Dororo.2019.Integrale.BluRay.VOSTFR.Fansub.1080p.x264.8bits.FLAC-R3D,Dororo.2019.e03.BluRay.VOSTFR.Fansub.1080p.x264.8bits.FLAC-R3D.mkv
dororo/Dororo.2019.Integrale.BluRay.VOSTFR.Fansub.1080p.x264.8bits.FLAC-R3D/Dororo.2019.e04.BluRay.VOSTFR.Fansub.1080p.x264.8bits.FLAC-R3D.mkv,dororo,Dororo.2019.Integrale.BluRay.VOSTFR.Fansub.1080p.x264.8bits.FLAC-R3D,Dororo.2019.e04.BluRay.VOSTFR.Fansub.1080p.x264.8bits.FLAC-R3D.mkv
dororo/Dororo.2019.Integrale.BluRay.VOSTFR.Fansub.1080p.x264.8bits.FLAC-R3D/Dororo.2019.e05.BluRay.VOSTFR.Fansub.1080p.x264.8bits.FLAC-R3D.mkv,dororo,Dororo.2019.Integrale.BluRay.VOSTFR.Fansub.1080p.x264.8bits.FLAC-R3D,Dororo.2019.e05.BluRay.VOSTFR.Fansub.1080p.x264.8bits.FLAC-R3D.mkv
dororo/Dororo.2019.Integrale.BluRay.VOSTFR.Fansub.1080p.x264.8bits.FLAC-R3D/Dororo.2019.e06.BluRay.VOSTFR.Fansub.1080p.x264.8bits.FLAC-R3D.mkv,dororo,Dororo.2019.Integrale.BluRay.VOSTFR.Fansub.1080p.x264.8bits.FLAC-R3D,Dororo.2019.e06.BluRay.VOSTFR.Fansub.1080p.x264.8bits.FLAC-R3D.mkv
dororo/Dororo.2019.Integrale.BluRay.VOSTFR.Fansub.1080p.x264.8bits.FLAC-R3D/Dororo.2019.e07.BluRay.VOSTFR.Fansub.1080p.x264.8bits.FLAC-R3D.mkv,dororo,Dororo.2019.Integrale.BluRay.VOSTFR.Fansub.1080p.x264.8bits.FLAC-R3D,Dororo.2019.e07.BluRay.VOSTFR.Fansub.1080p.x264.8bits.FLAC-R3D.mkv
dororo/Dororo.2019.Integrale.BluRay.VOSTFR.Fansub.1080p.x264.8bits.FLAC-R3D/Dororo.2019.e08.BluRay.VOSTFR.Fansub.1080p.x264.8bits.FLAC-R3D.mkv,dororo,Dororo.2019.Integrale.BluRay.VOSTFR.Fansub.1080p.x264.8bits.FLAC-R3D,Dororo.2019.e08.BluRay.VOSTFR.Fansub.1080p.x264.8bits.FLAC-R3D.mkv
dororo/Dororo.2019.Integrale.BluRay.VOSTFR.Fansub.1080p.x264.8bits.FLAC-R3D/Dororo.2019.e09.BluRay.VOSTFR.Fansub.1080p.x264.8bits.FLAC-R3D.mkv,dororo,Dororo.2019.Integrale.BluRay.VOSTFR.Fansub.1080p.x264.8bits.FLAC-R3D,Dororo.2019.e09.BluRay.VOSTFR.Fansub.1080p.x264.8bits.FLAC-R3D.mkv
dororo/Dororo.2019.Integrale.BluRay.VOSTFR.Fansub.1080p.x264.8bits.FLAC-R3D/Dororo.2019.e10.BluRay.VOSTFR.Fansub.1080p.x264.8bits.FLAC-R3D.mkv,dororo,Dororo.2019.Integrale.BluRay.VOSTFR.Fansub.1080p.x264.8bits.FLAC-R3D,Dororo.2019.e10.BluRay.VOSTFR.Fansub.1080p.x264.8bits.FLAC-R3D.mkv
dororo/Dororo.2019.Integrale.BluRay.VOSTFR.Fansub.1080p.x264.8bits.FLAC-R3D/Dororo.2019.e11.BluRay.VOSTFR.Fansub.1080p.x264.8bits.FLAC-R3D.mkv,dororo,Dororo.2019.Integrale.BluRay.VOSTFR.Fansub.1080p.x264.8bits.FLAC-R3D,Dororo.2019.e11.BluRay.VOSTFR.Fansub.1080p.x264.8bits.FLAC-R3D.mkv
dororo/Dororo.2019.Integrale.BluRay.VOSTFR.Fansub.1080p.x264.8bits.FLAC-R3D/Dororo.2019.e12.BluRay.VOSTFR.Fansub.1080p.x264.8bits.FLAC-R3D.mkv,dororo,Dororo.2019.Integrale.BluRay.VOSTFR.Fansub.1080p.x264.8bits.FLAC-R3D,Dororo.2019.e12.BluRay.VOSTFR.Fansub.1080p.x264.8bits.FLAC-R3D.mkv
dororo/Dororo.2019.Integrale.BluRay.VOSTFR.Fansub.1080p.x264.8bits.FLAC-R3D/Dororo.2019.e13.BluRay.VOSTFR.Fansub.1080p.x264.8bits.FLAC-R3D.mkv,dororo,Dororo.2019.Integrale.BluRay.VOSTFR.Fansub.1080p.x264.8bits.FLAC-R3D,Dororo.2019.e13.BluRay.VOSTFR.Fansub.1080p.x264.8bits.FLAC-R3D.mkv
dororo/Dororo.2019.Integrale.BluRay.VOSTFR.Fansub.1080p.x264.8bits.FLAC-R3D/Dororo.2019.e14.BluRay.VOSTFR.Fansub.1080p.x264.8bits.FLAC-R3D.mkv,dororo,Dororo.2019.Integrale.BluRay.VOSTFR.Fansub.1080p.x264.8bits.FLAC-R3D,Dororo.2019.e14.BluRay.VOSTFR.Fansub.1080p.x264.8bits.FLAC-R3D.mkv
dororo/Dororo.2019.Integrale.BluRay.VOSTFR.Fansub.1080p.x264.8bits.FLAC-R3D/Dororo.2019.e15.BluRay.VOSTFR.Fansub.1080p.x264.8bits.FLAC-R3D.mkv,dororo,Dororo.2019.Integrale.BluRay.VOSTFR.Fansub.1080p.x264.8bits.FLAC-R3D,Dororo.2019.e15.BluRay.VOSTFR.Fansub.1080p.x264.8bits.FLAC-R3D.mkv
dororo/Dororo.2019.Integrale.BluRay.VOSTFR.Fansub.1080p.x264.8bits.FLAC-R3D/Dororo.2019.e16.BluRay.VOSTFR.Fansub.1080p.x264.8bits.FLAC-R3D.mkv,dororo,Dororo.2019.Integrale.BluRay.VOSTFR.Fansub.1080p.x264.8bits.FLAC-R3D,Dororo.2019.e16.BluRay.VOSTFR.Fansub.1080p.x264.8bits.FLAC-R3D.mkv
dororo/Dororo.2019.Integrale.BluRay.VOSTFR.Fansub.1080p.x264.8bits.FLAC-R3D/Dororo.2019.e17.BluRay.VOSTFR.Fansub.1080p.x264.8bits.FLAC-R3D.mkv,dororo,Dororo.2019.Integrale.BluRay.VOSTFR.Fansub.1080p.x264.8bits.FLAC-R3D,Dororo.2019.e17.BluRay.VOSTFR.Fansub.1080p.x264.8bits.FLAC-R3D.mkv
dororo/Dororo.2019.Integrale.BluRay.VOSTFR.Fansub.1080p.x264.8bits.FLAC-R3D/Dororo.2019.e18.BluRay.VOSTFR.Fansub.1080p.x264.8bits.FLAC-R3D.mkv,dororo,Dororo.2019.Integrale.BluRay.VOSTFR.Fansub.1080p.x264.8bits.FLAC-R3D,Dororo.2019.e18.BluRay.VOSTFR.Fansub.1080p.x264.8bits.FLAC-R3D.mkv
dororo/Dororo.2019.Integrale.BluRay.VOSTFR.Fansub.1080p.x264.8bits.FLAC-R3D/Dororo.2019.e19.BluRay.VOSTFR.Fansub.1080p.x264.8bits.FLAC-R3D.mkv,dororo,Dororo.2019.Integrale.BluRay.VOSTFR.Fansub.1080p.x264.8bits.FLAC-R3D,Dororo.2019.e19.BluRay.VOSTFR.Fansub.1080p.x264.8bits.FLAC-R3D.mkv
dororo/Dororo.2019.Integrale.BluRay.VOSTFR.Fansub.1080p.x264.8bits.FLAC-R3D/Dororo.2019.e20.BluRay.VOSTFR.Fansub.1080p.x264.8bits.FLAC-R3D.mkv,dororo,Dororo.2019.Integrale.BluRay.VOSTFR.Fansub.1080p.x264.8bits.FLAC-R3D,Dororo.2019.e20.BluRay.VOSTFR.Fansub.1080p.x264.8bits.FLAC-R3D.mkv
dororo/Dororo.2019.Integrale.BluRay.VOSTFR.Fansub.1080p.x264.8bits.FLAC-R3D/Dororo.2019.e21.BluRay.VOSTFR.Fansub.1080p.x264.8bits.FLAC-R3D.mkv,dororo,Dororo.2019.Integrale.BluRay.VOSTFR.Fansub.1080p.x264.8bits.FLAC-R3D,Dororo.2019.e21.BluRay.VOSTFR.Fansub.1080p.x264.8bits.FLAC-R3D.mkv
dororo/Dororo.2019.Integrale.BluRay.VOSTFR.Fansub.1080p.x264.8bits.FLAC-R3D/Dororo.2019.e22.BluRay.VOSTFR.Fansub.1080p.x264.8bits.FLAC-R3D.mkv,dororo,Dororo.2019.Integrale.BluRay.VOSTFR.Fansub.1080p.x264.8bits.FLAC-R3D,Dororo.2019.e22.BluRay.VOSTFR.Fansub.1080p.x264.8bits.FLAC-R3D.mkv
dororo/Dororo.2019.Integrale.BluRay.VOSTFR.Fansub.1080p.x264.8bits.FLAC-R3D/Dororo.2019.e23.BluRay.VOSTFR.Fansub.1080p.x264.8bits.FLAC-R3D.mkv,dororo,Dororo.2019.Integrale.BluRay.VOSTFR.Fansub.1080p.x264.8bits.FLAC-R3D,Dororo.2019.e23.BluRay.VOSTFR.Fansub.1080p.x264.8bits.FLAC-R3D.mkv
dororo/Dororo.2019.Integrale.BluRay.VOSTFR.Fansub.1080p.x264.8bits.FLAC-R3D/Dororo.2019.e24.BluRay.VOSTFR.Fansub.1080p.x264.8bits.FLAC-R3D.mkv,dororo,Dororo.2019.Integrale.BluRay.VOSTFR.Fansub.1080p.x264.8bits.FLAC-R3D,Dororo.2019.e24.BluRay.VOSTFR.Fansub.1080p.x264.8bits.FLAC-R3D.mkv
dororo/Dororo.2019.Integrale.BluRay.VOSTFR.Fansub.1080p.x264.8bits.FLAC-R3D/infos.txt,dororo,Dororo.2019.Integrale.BluRay.VOSTFR.Fansub.1080p.x264.8bits.FLAC-R3D,infos.txt
